,Location,Latitude,Longitude,Altitude
0,station_0,27.181827363,87.067922786,1503.0
1,station_1,27.33764,87.10635,1404.0
2,station_2,26.97234,87.03712,1208.0
3,station_3,27.18656,87.20954,945.0
4,station_4,26.99571,87.14134,918.0
5,station_5,27.12322,87.14726,1816.0
6,station_6,27.0812,87.03347,1573.0
7,station_7,27.38315,86.98153,1965.0
8,station_8,27.20829,86.96277,1770.0
9,station_9,26.990928225,87.330991692,1212.0
10,station_10,27.13367,87.33563,721.0
11,station_11,27.05068,87.28551,1756.0
12,station_12,26.92253,87.46656,688.0
13,station_13,27.02585,87.4054,1593.0
14,station_14,26.90018,87.29004,844.0
15,station_15,26.990928225,87.330991692,1212.0
16,station_16,26.93196,87.84665,1500.0
17,station_17,26.90943,87.92824,1219.0
18,station_18,26.76981,87.86497,224.0
19,station_19,26.89588,88.06804,1519.0
20,station_20,26.70375,87.76221,166.0
21,station_21,26.96886,87.75438,1129.0
22,station_22,26.96086,88.00746,1663.0
23,station_23,26.82741,87.73528,679.0
24,station_24,26.80445,88.0665,811.0
25,station_25,27.10454,88.00176,3585.0
26,station_26,26.67809,87.96977,140.0
27,station_27,26.55644,88.08843,94.0
28,station_28,26.64481,87.99957,133.0
29,station_29,26.66337,87.69679,132.0
30,station_30,26.5478,87.6957,96.0
31,station_31,26.63676,87.91362,114.0
32,station_32,26.67284,88.12301,136.0
33,station_33,26.60888,87.81451,109.0
34,station_34,26.57234,87.94778,101.0
35,station_35,26.74111,88.07108,272.0
36,station_36,26.44818,87.72172,78.0
37,station_37,26.56099,88.01784,102.0
38,station_38,26.584848206,87.912824356,99.0
39,station_39,26.41516,88.0072,71.0
40,station_40,26.60765,87.74785,113.0
41,station_41,27.21597,86.79353,1635.0
42,station_42,27.1675,86.60338,825.0
43,station_43,27.35575,86.76429,1404.0
44,station_44,26.94036,86.82308,1067.0
45,station_45,27.09882,86.79366,1491.0
46,station_46,26.97132,86.91221,1131.0
47,station_47,27.34912,86.88847,1885.0
48,station_48,27.04409,86.85225,1457.0
49,station_49,28.07403,83.79952,769.0
50,station_50,27.17836,86.87524,1886.0
51,station_51,26.46531,87.2829,79.0
52,station_52,26.67158,87.43315,158.0
53,station_53,26.71559,87.50711,238.0
54,station_54,26.60929,87.56405,105.0
55,station_55,26.45718,87.4864,71.0
56,station_56,26.48445,87.61591,80.0
57,station_57,26.6589,87.34543,128.0
58,station_58,26.4822,87.54115,77.0
59,station_59,26.63861,87.63007,117.0
60,station_60,26.56215,87.30402,88.0
61,station_61,26.46108,87.40889,72.0
62,station_62,26.55538,87.35998,91.0
63,station_63,26.40881,87.33565,70.0
64,station_64,26.6588,87.49385,155.0
65,station_65,26.46485,87.32016,73.0
66,station_66,26.70925,87.37016,191.0
67,station_67,26.7817,87.62295,487.0
68,station_68,27.33949,86.53114,1931.0
69,station_69,27.30792,86.31107,1129.0
70,station_70,27.31756,86.62007,1042.0
71,station_71,27.44937,86.35829,2536.0
72,station_72,27.37352,86.26493,1630.0
73,station_73,27.21566,86.44515,1530.0
74,station_74,27.36634,86.41156,1353.0
75,station_75,27.27451,86.36924,1292.0
76,station_76,27.13076,87.76184,1414.0
77,station_77,27.16811,87.9289,2319.0
78,station_78,27.115000259,87.775789465,2055.0
79,station_79,27.22121,87.7943,957.0
80,station_80,27.07484,87.62347,1250.0
81,station_81,26.9379,87.65494,1741.0
82,station_82,26.983,87.57121,1368.0
83,station_83,27.32617,88.03053,2779.0
84,station_84,27.28938,87.31202,1228.0
85,station_85,27.2005,87.3591,1915.0
86,station_86,27.37465,87.20749,1043.0
87,station_87,27.25216,87.41284,2571.0
88,station_88,27.35302,87.30412,821.0
89,station_89,27.74682,87.4868,2917.0
90,station_90,27.46361,87.23046,1878.0
91,station_91,27.55933,87.25219,813.0
92,station_92,27.40615,87.44418,3621.0
93,station_93,27.51476,87.07129,1894.0
94,station_94,27.56847,86.58746,2703.0
95,station_95,27.84419,86.72059,5094.0
96,station_96,27.55043,86.43626,3204.0
97,station_97,27.53875,86.69517,2068.0
98,station_98,27.65559,86.90195,4944.0
99,station_99,27.39566,86.59779,1770.0
100,station_100,27.48533,86.7992,1190.0
101,station_101,27.53875,86.69517,2068.0
102,station_102,26.83235,87.16186,282.0
103,station_103,26.58312,87.2745,94.0
104,station_104,26.60346,87.14965,90.0
105,station_105,26.68945,87.17425,100.0
106,station_106,26.46088,87.21225,71.0
107,station_107,26.63086,87.10128,95.0
108,station_108,26.45179,87.13805,78.0
109,station_109,26.5642,87.18368,84.0
110,station_110,26.5013,87.12162,81.0
111,station_111,26.649992735,87.169251629,96.0
112,station_112,26.80708,87.28475,350.0
113,station_113,26.6631,87.27377,117.0
114,station_114,27.36118,87.65222,1448.0
115,station_115,27.31899,87.61039,1391.0
116,station_116,27.38971,87.5041,2806.0
117,station_117,26.99653,87.71286,2154.0
118,station_118,27.55884,87.61268,2782.0
119,station_119,27.32514,87.73428,1921.0
120,station_120,27.68142,87.92025,4927.0
121,station_121,27.35794,87.94596,2603.0
122,station_122,27.49426,87.96349,3481.0
123,station_123,27.12937,87.45301,1710.0
124,station_124,27.10363,87.54679,1655.0
125,station_125,27.20727,87.68447,1600.0
126,station_126,26.9847,87.4709,721.0
127,station_127,27.154443422,87.548968457,1062.0
128,station_128,27.1964,87.57914,2192.0
129,station_129,26.81696,87.05432,146.0
130,station_130,26.87973,86.93684,965.0
131,station_131,26.955,86.37841,218.0
132,station_132,26.7919,86.699,165.0
133,station_133,26.903076703,86.681347466,1075.0
134,station_134,26.93522,86.69906,1795.0
135,station_135,27.08591,86.53682,599.0
136,station_136,26.91515,86.55004,682.0
137,station_137,27.09226,85.14446,115.0
138,station_138,26.98198,85.05344,96.0
139,station_139,27.20986,85.14178,189.0
140,station_140,26.909,85.07907,83.0
141,station_141,26.89957,85.13285,83.0
142,station_142,26.94569,85.14527,90.0
143,station_143,27.03777,85.12796,98.0
144,station_144,27.08282,85.39485,127.0
145,station_145,26.94815,85.01322,87.0
146,station_146,27.02564,85.10103,98.0
147,station_147,27.12512,85.74784,409.0
148,station_148,27.00674,84.94309,89.0
149,station_149,27.08446,85.11327,112.0
150,station_150,26.92622,85.06191,83.0
151,station_151,27.21465,85.01468,201.0
152,station_152,27.67465,85.32364,1326.0
153,station_153,26.68535,86.06249,79.0
154,station_154,26.84729,85.96202,112.0
155,station_155,26.88194,86.03908,135.0
156,station_156,26.92745,86.21001,225.0
157,station_157,28.17034,84.641,1445.0
158,station_158,26.85116,86.03592,116.0
159,station_159,26.79502,86.01362,97.0
160,station_160,26.99735,85.97365,313.0
161,station_161,26.66034,85.93633,72.0
162,station_162,26.79502,86.10218,93.0
163,station_163,26.73352,86.09848,88.0
164,station_164,26.6917,86.00311,73.0
165,station_165,26.91822,85.92106,162.0
166,station_166,26.67741,85.99672,76.0
167,station_167,26.63676,86.12911,75.0
168,station_168,27.13828,85.23707,156.0
169,station_169,26.60232,85.88213,64.0
170,station_170,26.72882,85.92628,83.0
171,station_171,26.89756,85.81682,119.0
172,station_172,26.77124,85.81752,84.0
173,station_173,26.97885,85.88683,202.0
174,station_174,26.85139,85.87116,102.0
175,station_175,26.92078,85.80564,128.0
176,station_176,26.64127,85.7913,68.0
177,station_177,26.80186,85.8493,89.0
178,station_178,26.72737,85.76102,75.0
179,station_179,26.61708,85.84079,66.0
180,station_180,26.81037,85.79899,87.0
181,station_181,26.6751,85.74868,69.0
182,station_182,26.879142237,85.819913653,108.0
183,station_183,26.70745,85.85249,78.0
184,station_184,26.80872,85.73249,88.0
185,station_185,26.86226,85.74337,99.0
186,station_186,27.239626604,84.780150251,159.0
187,station_187,27.07853,84.8238,92.0
188,station_188,27.16668,84.89306,116.0
189,station_189,27.08189,84.75855,88.0
190,station_190,27.03908,84.81501,86.0
191,station_191,27.06336,84.6647,87.0
192,station_192,27.07338,84.69091,89.0
193,station_193,27.06714,84.69047,90.0
194,station_194,27.18584,84.7057,109.0
195,station_195,27.239626604,84.780150251,159.0
196,station_196,27.02523,84.73609,81.0
197,station_197,27.18718,84.77259,114.0
198,station_198,27.16299,84.81942,102.0
199,station_199,27.36705,84.62481,289.0
200,station_200,26.8926,85.23308,83.0
201,station_201,27.04348,85.39737,111.0
202,station_202,27.12629,85.3846,140.0
203,station_203,26.91225,85.25573,85.0
204,station_204,26.9459,85.3713,91.0
205,station_205,26.95129,85.3259,92.0
206,station_206,26.77969,85.27556,74.0
207,station_207,27.11174,85.25082,134.0
208,station_208,26.80056,85.20921,75.0
209,station_209,26.97495,85.2354,93.0
210,station_210,26.88932,85.33878,86.0
211,station_211,26.92703,85.19877,87.0
212,station_212,26.85098,85.2339,80.0
213,station_213,27.03446,85.20542,105.0
214,station_214,26.76473,85.34324,76.0
215,station_215,26.81286,85.25954,78.0
216,station_216,26.83213,85.31311,80.0
217,station_217,27.00158038,85.302305403,93.0
218,station_218,26.5704,86.5834,90.0
219,station_219,26.53181,86.63346,85.0
220,station_220,26.51172,86.87737,74.0
221,station_221,26.63123,86.89474,101.0
222,station_222,26.63143,86.59766,115.0
223,station_223,26.5402,86.74859,88.0
224,station_224,26.71733,86.93621,102.0
225,station_225,26.60153,86.68252,111.0
226,station_226,26.69416,86.55093,140.0
227,station_227,26.64004,86.78881,134.0
228,station_228,26.598053399,86.746158901,106.0
229,station_229,26.5033,86.72616,80.0
230,station_230,26.44666,86.71646,71.0
231,station_231,26.53745,86.81135,80.0
232,station_232,26.598053399,86.746158901,106.0
233,station_233,26.62979,86.71173,133.0
234,station_234,26.4906,86.8265,74.0
235,station_235,26.59105,86.86199,92.0
236,station_236,27.08079,85.4792,120.0
237,station_237,26.77821,85.37508,76.0
238,station_238,27.01953,85.45917,103.0
239,station_239,26.86194,85.46627,84.0
240,station_240,27.02448,85.58192,122.0
241,station_241,26.89601,85.68485,100.0
242,station_242,27.09165,85.58205,149.0
243,station_243,27.0048,85.61587,123.0
244,station_244,27.89754,85.29511,1257.0
245,station_245,27.05429,85.63239,152.0
246,station_246,26.85559,85.55996,87.0
247,station_247,27.066,85.00138,106.0
248,station_248,26.8309,85.49052,81.0
249,station_249,26.88788,85.6127,88.0
250,station_250,26.89465,85.52807,93.0
251,station_251,26.93626,85.60454,101.0
252,station_252,26.90299,85.43744,86.0
253,station_253,26.86177,85.50894,87.0
254,station_254,26.88216,85.63519,91.0
255,station_255,26.85201,85.38723,83.0
256,station_256,26.80999,86.42795,207.0
257,station_257,26.80322,86.3346,152.0
258,station_258,26.76345,86.20346,93.0
259,station_259,26.84219,86.21497,122.0
260,station_260,26.7125,86.48811,122.0
261,station_261,26.85932,86.17007,106.0
262,station_262,26.7125,86.48811,122.0
263,station_263,26.70995,86.34997,104.0
264,station_264,26.69381,86.28559,94.0
265,station_265,26.62763,86.3004,82.0
266,station_266,26.63194,86.34527,86.0
267,station_267,26.59148,86.48686,88.0
268,station_268,26.72635,86.24977,95.0
269,station_269,26.6702,86.3922,99.0
270,station_270,26.746454493,86.342424177,122.0
271,station_271,26.59806,86.40927,91.0
272,station_272,26.63894,86.50025,108.0
273,station_273,27.98799,83.17605,1013.0
274,station_274,27.97263,83.12486,954.0
275,station_275,27.83968,82.98723,1207.0
276,station_276,28.01024,83.20679,967.0
277,station_277,28.06702,83.07274,1769.0
278,station_278,27.88416,83.25291,1058.0
279,station_279,28.22553,81.72842,179.0
280,station_280,28.24311,81.65924,174.0
281,station_281,28.0332,81.71051,140.0
282,station_282,28.087173474,81.822276922,155.0
283,station_283,28.07408,81.62037,147.0
284,station_284,27.90277,81.84215,139.0
285,station_285,28.09756,81.87933,210.0
286,station_286,28.05,81.61667,149.0
287,station_287,28.35832,81.73851,475.0
288,station_288,28.32224,81.3977,158.0
289,station_289,28.2058,81.34532,147.0
290,station_290,28.33577,81.2707,162.0
291,station_291,28.42721,81.09123,145.0
292,station_292,28.4436,81.28988,184.0
293,station_293,28.15209,81.48387,145.0
294,station_294,28.49915,81.1873,162.0
295,station_295,27.87183,82.52079,258.0
296,station_296,28.16829,82.08431,598.0
297,station_297,27.99384,82.67143,1529.0
298,station_298,28.08608,82.15646,580.0
299,station_299,27.81001,82.53929,256.0
300,station_300,27.88404,82.23904,532.0
301,station_301,27.968780912,82.402294235,821.0
302,station_302,28.15982,82.22356,667.0
303,station_303,27.67465,85.32364,1326.0
304,station_304,28.15346,82.31172,745.0
305,station_305,28.17156,83.25859,1213.0
306,station_306,28.05267,83.25598,1500.0
307,station_307,28.1153,83.4355,1736.0
308,station_308,27.98666,83.34978,1180.0
309,station_309,28.11827,83.16532,1245.0
310,station_310,28.0416,83.31386,1170.0
311,station_311,28.16501,83.21671,1295.0
312,station_312,28.05226,83.52767,1360.0
313,station_313,28.17505,83.06921,1495.0
314,station_314,28.21359,83.14999,2004.0
315,station_315,27.94827,83.42579,881.0
316,station_316,28.02869,83.47358,1425.0
317,station_317,27.69013,83.21047,168.0
318,station_318,27.68409,83.00297,119.0
319,station_319,27.5445,83.05356,108.0
320,station_320,27.50662,82.78785,101.0
321,station_321,27.5369,82.94074,102.0
322,station_322,27.5445,83.05356,108.0
323,station_323,27.55008,82.83081,105.0
324,station_324,27.5246,83.1424,101.0
325,station_325,27.50984,83.19537,97.0
326,station_326,27.48504,83.05861,95.0
327,station_327,27.56847,83.79448,208.0
328,station_328,27.52867,83.67453,114.0
329,station_329,27.61889,83.64176,135.0
330,station_330,27.4806,83.66486,110.0
331,station_331,27.45968,83.81821,109.0
332,station_332,27.49197,83.72584,109.0
333,station_333,27.633725066,83.953150123,186.0
334,station_334,27.85795,83.89469,421.0
335,station_335,27.86731,83.5467,1299.0
336,station_336,27.87945,83.60755,944.0
337,station_337,27.76547,83.65733,1291.0
338,station_338,27.87129,83.81237,358.0
339,station_339,27.8241,83.78219,1007.0
340,station_340,27.85833,83.3507,1544.0
341,station_341,27.86715,83.6886,1722.0
342,station_342,27.86674,83.45471,1361.0
343,station_343,27.76465,83.47024,797.0
344,station_344,28.25,82.83333,1569.0
345,station_345,28.13282,82.69597,1320.0
346,station_346,27.93301,82.94194,395.0
347,station_347,28.25377,83.03231,1291.0
348,station_348,28.14881,82.98607,1201.0
349,station_349,28.07563,82.91985,1259.0
350,station_350,28.04734,82.77364,1038.0
351,station_351,28.25316,82.91058,1813.0
352,station_352,27.94505,82.83908,634.0
353,station_353,28.344170708,82.628061641,1519.0
354,station_354,28.32627,82.51661,1734.0
355,station_355,28.26587,82.81048,1526.0
356,station_356,28.40239,82.50796,1219.0
357,station_357,28.344170708,82.628061641,1519.0
358,station_358,28.17731,82.51468,1785.0
359,station_359,28.38025,82.83012,1999.0
360,station_360,28.344170708,82.628061641,1519.0
361,station_361,28.45897,82.74293,2701.0
362,station_362,28.31085,82.43084,1427.0
363,station_363,28.56659,82.68457,2013.0
364,station_364,28.65782,82.807,2186.0
365,station_365,28.7806,82.67425,2554.0
366,station_366,27.63345,83.57195,134.0
367,station_367,27.46987,83.24785,96.0
368,station_368,27.70746,83.30405,135.0
369,station_369,27.50495,83.43688,108.0
370,station_370,27.6109,83.49071,124.0
371,station_371,27.59386,83.26242,127.0
372,station_372,27.63796,83.26374,118.0
373,station_373,27.576640942,83.38953577,108.0
374,station_374,27.41166,83.37358,102.0
375,station_375,27.51435,83.36778,103.0
376,station_376,27.5251,83.50926,117.0
377,station_377,27.50103,83.5515,106.0
378,station_378,27.44609,83.34465,98.0
379,station_379,27.5697,83.37717,109.0
380,station_380,27.61418,83.3671,118.0
381,station_381,27.67465,85.32364,1326.0
382,station_382,27.69093,84.42484,191.0
383,station_383,27.71711,85.4318,1493.0
384,station_384,27.67441,85.36008,1319.0
385,station_385,27.666279993796,85.428742542665,1322.0
386,station_386,27.6768,84.43589,213.0
387,station_387,27.69543,85.766,1075.0
388,station_388,27.61623,84.56904,201.0
389,station_389,27.43461,84.35334,232.0
390,station_390,27.64944,84.66375,418.0
391,station_391,27.61541,84.51206,196.0
392,station_392,27.80278,84.58055,1040.0
393,station_393,27.72283,85.17161,971.0
394,station_394,27.86424,84.9283,1461.0
395,station_395,27.74682,84.75988,943.0
396,station_396,27.76708,84.86147,1033.0
397,station_397,27.78044,84.98979,878.0
398,station_398,28.09141,84.92378,2325.0
399,station_399,27.92024,84.79439,845.0
400,station_400,28.03868,85.00189,1308.0
401,station_401,27.98994,84.97375,1618.0
402,station_402,28.22589,85.08414,2419.0
403,station_403,27.84644,84.83869,679.0
404,station_404,27.72709,85.09538,1300.0
405,station_405,27.9407,84.78035,1163.0
406,station_406,27.67855,86.02374,2056.0
407,station_407,27.63275,86.22571,1943.0
408,station_408,27.63653,86.13459,1666.0
409,station_409,27.84049,86.01372,3572.0
410,station_410,27.88281,86.40671,4032.0
411,station_411,27.78933,86.0898,1720.0
412,station_412,27.51633,86.07123,1329.0
413,station_413,27.61418,85.97999,1948.0
414,station_414,27.54264,86.1239,2120.0
415,station_415,27.70819,85.30569,1313.0
416,station_416,27.77715,85.36395,1455.0
417,station_417,27.68696,85.23522,1418.0
418,station_418,27.60479,85.27292,1440.0
419,station_419,27.76527,85.40792,1625.0
420,station_420,27.73165,85.41696,1376.0
421,station_421,27.68221,85.27269,1377.0
422,station_422,27.72427,85.26045,1537.0
423,station_423,27.75297,85.5037,1626.0
424,station_424,27.77716,85.29068,1386.0
425,station_425,27.7749,85.33492,1363.0
426,station_426,27.63245,85.52192,1475.0
427,station_427,27.6221,85.54281,1480.0
428,station_428,27.70725,85.59814,881.0
429,station_429,27.55556,85.63653,1217.0
430,station_430,27.58466,85.52122,1438.0
431,station_431,27.6437,85.63998,870.0
432,station_432,27.50472,85.50667,1946.0
433,station_433,27.62689,85.74215,1314.0
434,station_434,27.57093,85.78195,1506.0
435,station_435,27.42743,85.49119,1026.0
436,station_436,27.3975,85.63072,1253.0
437,station_437,27.46843,85.65714,1640.0
438,station_438,27.51128,85.75572,1742.0
439,station_439,27.67465,85.32364,1326.0
440,station_440,27.58653,85.379,1599.0
441,station_441,27.63263,85.38239,1376.0
442,station_442,27.66617,85.30975,1301.0
443,station_443,27.52091,85.34789,1713.0
444,station_444,27.47458,85.40533,1453.0
445,station_445,27.64432,85.09956,1812.0
446,station_446,27.29583,85.3667,463.0
447,station_447,27.3401,85.21159,351.0
448,station_448,27.5326,85.11616,1204.0
449,station_449,27.60147,85.18921,1596.0
450,station_450,27.60988,84.95558,1149.0
451,station_451,27.41187,85.14203,905.0
452,station_452,27.48565,84.8599,328.0
453,station_453,27.59758,84.85797,1159.0
454,station_454,27.42839,85.03219,466.0
455,station_455,27.82594,85.11147,1451.0
456,station_456,27.89277,85.14966,576.0
457,station_457,27.94967,85.39359,1121.0
458,station_458,27.81717,85.24556,1850.0
459,station_459,28.03525,85.10528,1985.0
460,station_460,27.86135,85.40489,1213.0
461,station_461,27.915074746,85.235381823,1000.0
462,station_462,27.89607,85.31347,1390.0
463,station_463,27.85116,85.36543,1058.0
464,station_464,27.94628,85.23922,1104.0
465,station_465,27.96657,85.33973,1539.0
466,station_466,27.88355,85.04134,770.0
467,station_467,27.37073,86.05003,802.0
468,station_468,27.32207,86.05913,1073.0
469,station_469,27.52115,85.9411,2263.0
470,station_470,27.58384,86.28,2488.0
471,station_471,27.42641,85.91784,799.0
472,station_472,27.44814,86.18537,2436.0
473,station_473,27.50677,85.86131,1409.0
474,station_474,27.64432,86.44809,2038.0
475,station_475,28.183250125,85.415950059,4263.0
476,station_476,28.21175,85.54707,3732.0
477,station_477,28.02869,85.21946,1980.0
478,station_478,28.01946,85.30304,2124.0
479,station_479,28.07173,85.18574,2134.0
480,station_480,26.99064,86.2725,194.0
481,station_481,27.21104,85.91268,519.0
482,station_482,27.34461,85.7938,1270.0
483,station_483,27.26159,86.05895,979.0
484,station_484,27.33363,85.48663,898.0
485,station_485,27.24806,85.70006,355.0
486,station_486,27.1841,86.29469,2020.0
487,station_487,27.38049,85.87751,953.0
488,station_488,27.13306,86.13256,740.0
489,station_489,27.79124,85.89809,878.0
490,station_490,27.75092,85.73006,1447.0
491,station_491,27.83022,85.57661,842.0
492,station_492,27.73458,85.78235,695.0
493,station_493,27.93172,85.90808,2837.0
494,station_494,27.9577,85.55064,1554.0
495,station_495,27.78413,85.62823,1379.0
496,station_496,28.00347,85.80813,3183.0
497,station_497,27.6804,85.88278,2125.0
498,station_498,27.9512,85.68458,2755.0
499,station_499,27.70766,85.81775,1699.0
500,station_500,27.75215,85.95203,2363.0
501,station_501,28.267588798447,83.599391716966,967.0
502,station_502,28.39009,83.11711,2053.0
503,station_503,28.25316,83.3833,3017.0
504,station_504,28.14943,83.58733,1639.0
505,station_505,28.26792,83.2537,2204.0
506,station_506,28.1364,83.51072,1842.0
507,station_507,28.263,83.50821,1470.0
508,station_508,28.37636,83.02216,2286.0
509,station_509,28.39651,83.25399,2092.0
510,station_510,28.33541,83.37422,2016.0
511,station_511,28.00242,84.62009,1155.0
512,station_512,28.04784,84.49116,580.0
513,station_513,28.11909,84.81688,1729.0
514,station_514,28.15162,84.64008,1789.0
515,station_515,28.20301,84.74755,1927.0
516,station_516,27.98003,84.47763,858.0
517,station_517,28.542,84.87538,3310.0
518,station_518,28.31322,84.89839,1362.0
519,station_519,28.318841303,84.79019815,3845.0
520,station_520,27.92762,84.64239,1106.0
521,station_521,28.08588,84.5884,1454.0
522,station_522,28.21822,83.97697,862.0
523,station_523,28.43273,83.80456,2892.0
524,station_524,28.40112,83.98261,1507.0
525,station_525,28.12363,84.10767,692.0
526,station_526,28.14492,84.17076,708.0
527,station_527,28.22956,84.35541,1160.0
528,station_528,28.14758,84.26809,613.0
529,station_529,28.10863,84.49414,1198.0
530,station_530,28.13237,84.4168,751.0
531,station_531,28.2917,84.52849,2410.0
532,station_532,28.23654,84.58983,2811.0
533,station_533,28.31097,84.24882,1386.0
534,station_534,28.289330951,84.43006976,2380.0
535,station_535,28.55062,84.25332,2595.0   
536,station_536,28.672919258,84.224515192,3523.0
537,station_537,28.699028,84.255998,3523.0
538,station_538,28.518759,84.358044,3523.0  
539,station_539,28.76995,83.74752,3538.0
540,station_540,28.98131435,83.857874677,3451.0
541,station_541,29.15568,83.94859,3877.0
542,station_542,28.69062,83.58839,3049.0
543,station_543,28.98131435,83.857874677,3451.0
544,station_544,28.34476,83.56376,978.0
545,station_545,28.52293,83.70039,2819.0
546,station_546,28.553145105,83.459987712,3368.0
547,station_547,28.42125,83.36207,1846.0
548,station_548,28.37861,83.44644,1256.0
549,station_549,28.53503,83.51666,1963.0
550,station_550,27.71443,84.20158,543.0
551,station_551,27.73329,84.34122,429.0
552,station_552,27.62478,84.14164,157.0
553,station_553,27.63571,83.98817,290.0
554,station_554,27.633725066,83.953150123,186.0
555,station_555,27.63079,83.86238,167.0
556,station_556,27.81891,84.19348,598.0
557,station_557,27.73602,83.98428,1211.0
558,station_558,28.22132,83.67977,914.0
559,station_559,28.15813,83.64115,770.0
560,station_560,28.04068,83.56833,720.0
561,station_561,27.36845,87.37216,1676.0
562,station_562,28.09531,83.67373,1483.0
563,station_563,28.12436,83.64531,1110.0
564,station_564,28.04939,83.66475,710.0
565,station_565,27.58745,86.09845,1463.0
566,station_566,28.06740998899,83.807164991185,762.0
567,station_567,27.95817,83.65736,979.0
568,station_568,28.08826,83.85869,868.0
569,station_569,27.98536,83.76829,787.0
570,station_570,28.16829,83.80122,1021.0
571,station_571,28.07222,83.76014,1285.0
572,station_572,28.0211,83.89361,598.0
573,station_573,27.97621,83.95355,1285.0
574,station_574,27.95304,83.53811,787.0
575,station_575,28.16092,83.88977,1091.0
576,station_576,28.00235,84.41739,497.0
577,station_577,27.98918,84.06421,737.0
578,station_578,28.00371,84.279,509.0
579,station_579,28.06128,84.04733,633.0
580,station_580,27.90954,84.53028,328.0
581,station_581,27.92427,84.40538,712.0
582,station_582,27.79595,84.42048,717.0
583,station_583,27.89851,84.04693,505.0
584,station_584,28.00716,84.15608,501.0
585,station_585,27.955337109,84.251223445,654.0
586,station_586,28.881355419,81.678899186,870.0
587,station_587,28.93497,81.56441,1248.0
588,station_588,28.85668,81.6047,1426.0
589,station_589,28.8574,81.72687,1491.0
590,station_590,28.80132,81.81634,1363.0
591,station_591,28.94584,81.63676,1357.0
592,station_592,28.75273,81.71793,1116.0
593,station_593,28.71071,81.64515,1829.0
594,station_594,28.94235,81.69993,1721.0
595,station_595,28.90184,81.8079,1214.0
596,station_596,28.97632,81.5267,1492.0
597,station_597,28.95691,82.85666,2585.0
598,station_598,29.01718,82.76359,2089.0
599,station_599,28.97925,83.34043,4059.0
600,station_600,29.28798,83.31846,5292.0
601,station_601,29.24206,82.66443,4218.0
602,station_602,28.92493,82.99396,3871.0
603,station_603,29.0553,82.53463,2405.0
604,station_604,29.28383,82.93263,4581.0
605,station_605,29.70063,81.86346,2554.0
606,station_606,29.85581,82.23629,3388.0
607,station_607,29.94523,81.85772,2121.0
608,station_608,30.16946,81.62035,5502.0
609,station_609,29.78796,81.89687,1990.0
610,station_610,30.13686,81.97407,5048.0
611,station_611,29.70535,81.7513,2893.0
612,station_612,28.865419137,82.167889981,1493.0
613,station_613,28.75089,82.01912,1623.0
614,station_614,28.865419137,82.167889981,1493.0
615,station_615,28.95961,82.25177,1755.0
616,station_616,28.90238,81.98813,2275.0
617,station_617,28.88024,82.149,2195.0
618,station_618,28.68857,81.93365,1264.0
619,station_619,29.3252,82.17109,3033.0
620,station_620,29.18121,82.38002,3079.0
621,station_621,29.26973,81.92985,2481.0
622,station_622,29.41154,82.02027,2440.0
623,station_623,29.33541,82.44929,3310.0
624,station_624,29.34107,82.03155,2859.0
625,station_625,29.23367,82.05367,2294.0
626,station_626,29.271714351,82.217266442,2512.0
627,station_627,29.15009,81.61183,1771.0
628,station_628,29.27465,81.64553,2674.0
629,station_629,29.14612,81.85448,2515.0
630,station_630,29.04137,81.85773,3862.0
631,station_631,29.22012,81.53317,2092.0
632,station_632,29.26051,81.72308,1922.0
633,station_633,29.33922,81.84204,1889.0
634,station_634,29.26276,81.58511,2078.0
635,station_635,29.08093,81.63039,2524.0
636,station_636,29.53397,82.15771,2110.0
637,station_637,29.53028,81.90175,2227.0
638,station_638,29.6789,82.53314,3920.0
639,station_639,29.63093,81.96545,2181.0
640,station_640,28.846,82.52065,3649.0
641,station_641,28.63829,82.20051,761.0
642,station_642,28.63101,82.45562,1494.0
643,station_643,28.70292,82.51497,2484.0
644,station_644,28.701164699,82.663955276,2465.0
645,station_645,28.56905,82.42802,1570.0
646,station_646,28.5219,82.07145,908.0
647,station_647,28.493,82.06911,960.0
648,station_648,28.39009,82.16948,1212.0
649,station_649,28.3577,82.30807,1468.0
650,station_650,28.54979,82.3204,1388.0
651,station_651,28.28771,82.04614,722.0
652,station_652,28.23128,82.35008,1549.0
653,station_653,28.401949637,82.143720613,1336.0
654,station_654,28.4359401,81.063652,1336.0 
655,station_655,28.29616,82.29881,1547.0
656,station_656,28.47025,81.68014,698.0
657,station_657,28.60645,81.61429,728.0
658,station_658,28.43929,81.90146,636.0
659,station_659,28.53564,81.7639,1003.0
660,station_660,28.78963,81.40383,380.0
661,station_661,28.65372,81.45104,322.0
662,station_662,28.85994,81.27875,714.0
663,station_663,28.62686,81.84098,1478.0
664,station_664,28.54692,81.94508,1027.0
665,station_665,29.0635,81.33134,1963.0
666,station_666,29.14109,81.22001,1285.0
667,station_667,29.10081,81.44631,964.0
668,station_668,29.25887,81.18146,1317.0
669,station_669,29.19204,81.30356,1542.0
670,station_670,29.20352,81.12968,1736.0
671,station_671,28.99951,81.26129,1627.0
672,station_672,29.26748,81.32136,1966.0
673,station_673,29.20058,81.45138,1827.0
674,station_674,28.94179,81.36932,1460.0
675,station_675,29.56037,80.41134,1391.0
676,station_676,29.41567,80.44208,1328.0
677,station_677,27.90109,85.79494,1847.0
678,station_678,29.60326,80.70177,1322.0
679,station_679,29.6534,80.58435,1330.0
680,station_680,29.59137,80.529,1389.0
681,station_681,29.43078,80.26872,1435.0
682,station_682,29.41058,80.37271,1727.0
683,station_683,29.42557,80.73794,1184.0
684,station_684,29.52967,80.615,1682.0
685,station_685,29.68936,80.94905,3952.0
686,station_686,29.55201,81.16174,2088.0
687,station_687,29.50404,80.856,1659.0
688,station_688,29.56082,81.06176,1981.0
689,station_689,29.53274,81.0056,2306.0
690,station_690,29.51347,80.93567,2353.0
691,station_691,29.45771,81.21321,2579.0
692,station_692,29.54237,81.29939,2553.0
693,station_693,29.965,81.21985,4065.0
694,station_694,29.64195,81.08132,2375.0
695,station_695,29.61087,81.3076,1750.0
696,station_696,29.60788,81.31314,1698.0
697,station_697,29.43947,81.4992,2120.0
698,station_698,29.35987,81.53034,3762.0
699,station_699,29.53828,81.6178,2091.0
700,station_700,29.33594,81.43072,2618.0
701,station_701,29.56923,81.48293,2417.0
702,station_702,29.71252,81.61904,3138.0
703,station_703,29.45252,81.69567,1667.0
704,station_704,29.39867,81.2829,2019.0
705,station_705,29.42717,81.75914,3097.0
706,station_706,29.23782,80.60651,2407.0
707,station_707,29.1555,80.27587,332.0
708,station_708,29.364,80.55586,1839.0
709,station_709,29.12405,80.48384,629.0
710,station_710,29.32839,80.40252,1104.0
711,station_711,29.24841,80.68054,1892.0
712,station_712,29.36382,80.70247,1703.0
713,station_713,29.891965108,80.7918967,3947.0
714,station_714,29.70637,80.575,1678.0
715,station_715,29.87016,80.88376,2450.0
716,station_716,30.101257497,80.959309917,4398.0
717,station_717,29.8921,80.61957,1670.0
718,station_718,29.65574,80.46502,1264.0
719,station_719,29.73763,80.48455,1689.0
720,station_720,29.74163,80.84767,2625.0
721,station_721,29.7978,80.67992,2453.0
722,station_722,29.2601,80.97434,1084.0
723,station_723,29.24472,80.82259,1275.0
724,station_724,29.35152,80.86687,1834.0
725,station_725,29.03501,80.86607,1479.0
726,station_726,29.04997,81.066,1024.0
727,station_727,29.10286,80.67617,1121.0
728,station_728,29.17769,80.98034,1036.0
729,station_729,29.27055,81.06172,1188.0
730,station_730,28.9884,80.89138,1166.0
731,station_731,28.4914,80.97963,145.0
732,station_732,28.7515,80.81065,190.0
733,station_733,28.7146,80.95036,180.0
734,station_734,28.909,80.56706,829.0
735,station_735,28.741474423,80.879157184,214.0
736,station_736,28.5288,81.12495,158.0
737,station_737,28.68775,81.04411,184.0
738,station_738,28.91069,80.81186,779.0
739,station_739,28.56864,81.14518,168.0
740,station_740,28.56493,81.02158,155.0
741,station_741,28.59775,80.79601,159.0
742,station_742,28.81341,81.11331,515.0
743,station_743,28.69581,80.61384,181.0
744,station_744,28.98192,80.2671,250.0
745,station_745,28.68009,80.33933,176.0
746,station_746,28.97363,80.1761,223.0
747,station_747,28.91483,80.44527,246.0
748,station_748,28.861775403,80.321789483,216.0
749,station_749,28.63896,80.46738,180.0