Location,Latitude,Longitude,Altitude
Babala,29.32,81.23,1626.0
Devistan,29.3,81.2,1939.0
Devikot,29.27,81.17,1626.0
Patalkot,29.25,81.13,1611.0
Duni,29.25,81.1,1587.0
Marku,29.23,81.13,1532.0
Jalpadevi,29.22,81.18,871.0
SIddheswar,29.25,81.2,1053.0
Dhudharukot,29.27,81.22,1147.0
Kuskot,29.28,81.27,1449.0
Thanti,29.28,81.33,1801.0
Sodasadevi,29.23,81.33,1701.0
Sutar,29.18,81.45,1665.0
Darna,29.18,81.48,1512.0
Ramarosan,29.22,81.38,2097.0
Warla,29.13,81.48,1730.0
Binayak,29.1,81.38,1330.0
Kalekanda,29.12,81.53,886.0
Bayala,29.03,81.38,1454.0
Muli,29.03,81.35,1376.0
Dhakari,29.0,81.27,1345.0
Basti,29.05,81.17,972.0
Payal,29.17,81.17,1458.0
Nada,29.93,81.32,881.0
Rahaph,29.82,81.52,1324.0
Bhairavsthan,29.92,81.43,1085.0
Dhamali,29.0,81.37,1202.0
Sakot,29.18,81.08,971.0
Mangalstan,29.08,81.22,1337.0
Hansapur,28.07,83.05,1630.0
Khan,28.03,83.13,1441.0
Bhagawati,28.02,83.2,1322.0
Argha,28.0,83.1,1511.0
Dhakawang,28.03,82.98,1016.0
Nuwakot,27.95,83.03,990.0
Sandikhanrka,27.95,83.13,1037.0
Kerunga,27.97,83.22,975.0
Khidim,27.9,83.27,1429.0
Narpani,27.93,83.15,1195.0
Dhanchaur,27.92,83.03,1318.0
Siddara,27.85,82.92,786.0
Sitapur,27.87,83.12,1196.0
Panrna,27.87,83.3,1397.0
Maidan,27.85,83.23,1217.0
Simalpani,27.8,83.17,2056.0
Shiralaya,27.77,83.07,371.0
Bhaluwang,27.83,82.73,302.0
Samkot,27.83,82.92,711.0
Juluke,27.88,82.83,463.0
Nishi,28.4,83.0,1838.0
Boharagaun,28.37,83.05,1586.0
Devistan_1,28.35,83.08,1564.0
Arnakot,28.33,83.12,1893.0
Adhikarichaur,28.42,83.1,2176.0
Pahira,28.43,83.17,1976.0
Bangadoran,28.4,83.18,1589.0
Khung,28.37,83.2,1706.0
Heel,28.27,83.12,1528.0
Durling,28.28,83.18,1173.0
Ramuwa,28.3,83.3,2347.0
Heele,28.28,83.38,1998.0
Jaljala,28.25,83.27,1992.0
Righa,28.2,83.32,1650.0
Mouma,28.22,83.37,1838.0
Haliyal,28.2,83.4,1211.0
Narethati,28.22,83.45,1568.0
Sukaura,28.13,83.38,1789.0
Chhisti,28.1,83.57,1463.0
Jaidi,28.12,83.6,1134.0
Damek,28.18,83.53,2049.0
Balewa,28.22,83.63,1266.0
Baglung,28.27,83.57,1238.0
Dhamja,28.3,83.48,2050.0
Argal,28.28,83.42,2022.0
Palakot,28.27,83.53,1792.0
Sigama,28.23,83.52,1302.0
Gokuleswor,29.63,80.5,775.0
Dilasaini,29.63,80.58,1406.0
Mathraj,29.63,80.67,1732.0
Nusadev,29.63,80.73,2257.0
Hat,29.6,80.68,1605.0
Bumraj,29.55,80.73,1844.0
Shikharpur,29.5,80.67,2260.0
Bijayapur,29.55,80.6,1865.0
Shreekot,29.57,80.52,1599.0
Nwali,29.6,80.47,1695.0
Dasharathchandra,29.55,80.4,1320.0
Surgasthan,29.47,80.43,2833.0
Patan,29.47,80.57,1517.0
Chaukham,29.5,80.73,2138.0
Shivaling,29.45,80.8,1337.0
Thalazanderl,29.4,80.82,1538.0
Sikosh,29.42,80.73,1467.0
Siddhapur,29.4,80.65,1936.0
Silanga,29.42,80.58,1514.0
Melauli,29.4,80.43,1298.0
Shibanath,29.42,80.37,1451.0
Udayaded,29.37,80.35,1474.0
Sharmali,29.35,80.3,869.0
Bhumeswar,29.48,80.52,1759.0
Kaphalasen,29.67,80.82,2895.0
Deulikot,29.58,80.8,1711.0
Pipalkot,29.62,80.85,2052.0
Khiratadi,29.57,80.87,1619.0
Deulekh,29.53,80.82,1867.0
Banjh,29.52,80.88,1486.0
Rayal,29.48,80.93,1734.0
Lekhgaun,29.58,81.0,2640.0
Sainparsela,29.53,80.98,2328.0
Bhamchaur,29.53,80.92,2259.0
Chaidhari,29.48,81.02,1643.0
Majhigaun,29.43,81.13,2153.0
Koiralakot,29.45,81.03,1425.0
Kadu,29.53,81.08,1899.0
Subeda,29.53,81.15,1718.0
Gadaraya,29.43,81.25,2208.0
Koidewal,29.5,81.25,2349.0
Rilu,29.57,81.3,2264.0
Talkot,29.62,81.32,2456.0
Chainpur,29.6,81.18,2433.0
Dhamena,29.68,81.27,3273.0
Surma,29.65,81.07,2856.0
Kanda,29.38,81.22,2073.0
Dogadi,29.42,81.27,1930.0
Bajura,29.35,81.3,1322.0
Chhatara,29.28,81.35,2096.0
Bramhatol,29.38,81.35,1334.0
Mankot,29.47,81.33,2367.0
Aatichaur,29.42,81.35,2004.0
Budhiganga,29.43,81.48,1907.0
Badimalika,29.38,81.47,2298.0
Pandusan,29.45,81.6,2299.0
Rugin,29.58,81.72,2725.0
Jukot,29.45,81.75,2697.0
Bichhaya,29.65,81.68,2269.0
Titihiriya,28.18,81.53,177.0
Raniyapur,28.15,81.57,164.0
Sonapur,28.15,81.53,168.0
Udarapur,28.12,81.52,264.0
Sitapur_1,28.1,81.53,163.0
Radhapur,28.07,81.52,163.0
Khajura,28.1,81.6,164.0
Nepalgunj,28.05,81.62,180.0
HIminiya,28.0,81.65,164.0
Manikapur,28.08,81.65,183.0
Basgeswari,28.13,81.6,164.0
Samserganj,28.15,81.65,177.0
Rajhena,28.2,81.67,178.0
Kohalpur,28.22,81.72,180.0
Naubasta,28.25,81.67,191.0
Jabdahawa,28.23,81.62,183.0
Mahadevpuri,28.15,81.8,215.0
Binauna,28.05,81.83,183.0
Bejapur,27.98,81.9,203.0
Holiya,27.97,81.73,164.0
Gangapur,27.88,81.9,163.0
Matahiya,27.92,81.8,180.0
Banakatti,28.03,81.7,163.0
Phatepur,28.02,81.77,182.0
Betahani,28.0,81.7,163.0
Puraina,28.12,81.65,174.0
Banakatawa,28.18,81.6,174.0
Amlekhganj,27.28,85.0,423.0
Ratanpuri,27.28,85.08,343.0
Nijgadh,27.23,85.15,218.0
Pipara Simara,27.15,85.97,144.0
Dumarwana,27.13,85.02,144.0
Bharatganj,27.18,85.18,183.0
Singaul,27.2,85.25,219.0
Kakadi,27.13,85.12,145.0
Jitpur,27.12,84.95,124.0
Manaharwa,27.08,85.03,124.0
Prasauna,27.08,85.12,124.0
Rampurwa,27.03,85.17,124.0
Kabahigaon,26.9,85.02,104.0
Nirahi,26.98,85.08,104.0
Tetariya,27.03,85.1,124.0
Kalaiya,27.02,84.98,124.0
Prastoka,27.07,84.95,120.0
Prasauni,27.02,84.92,104.0
Matiarwa,27.95,84.95,104.0
Itiyahi,27.98,84.88,104.0
Matisar,27.02,84.97,109.0
Bariyarpur,27.98,85.05,104.0
Laluwadi,27.87,85.05,104.0
Pheta,27.0,84.93,118.0
Gothi,27.42,81.5,267.0
Bela,27.33,81.28,192.0
Nagarkot,27.72,85.5,1614.0
Machhenarayan,27.7,85.47,1438.0
Pancha Mahalaxmi,27.72,85.45,1392.0
Changu Narayan,27.72,85.42,1311.0
Kharipati,27.68,85.45,1334.0
Bageswori,27.68,85.48,1654.0
Sudal,27.67,85.47,1438.0
Duwakot,27.68,85.4,1342.0
Bhatgaon,27.67,85.42,1312.0
Jhaukhel,27.68,85.43,1339.0
Thimi,27.67,85.37,1315.0
Balkot,27.65,85.37,1314.0
Sallaghari,27.67,85.4,1313.0
Bhaktapur,27.67,85.43,1312.0
Chittapol,27.65,85.43,1402.0
Suryabinayak,27.63,85.43,1595.0
Sipadol,27.65,85.42,1351.0
Gundu,27.63,85.4,1451.0
Dadhikot,27.65,85.38,1335.0
Palanse,27.63,85.45,1562.0
Dobhane,27.38,86.95,2359.0
Khatamma,27.4,87.03,1172.0
Kulunga,27.43,87.1,1023.0
Kudak Kaule,27.37,87.08,957.0
Timma,27.43,87.0,2103.0
Kimaluno,27.47,87.05,1986.0
Shadanada,27.33,87.12,1089.0
Sanpang,27.3,87.12,1285.0
Boya,27.27,87.08,1817.0
supteswor,27.22,87.0,1845.0
annapurna,27.18,86.93,1893.0
Bokhim,27.18,87.03,1082.0
Yangpang,27.23,87.17,1138.0
Charambi,27.18,87.2,668.0
Yaku,27.13,87.18,1049.0
Sanodumma,27.08,87.17,683.0
Bastim,27.1,87.1,1051.0
Bhojpur,27.17,87.03,1590.0
Kot,27.13,86.98,1197.0
lekharka,27.13,86.93,1936.0
Okhre,27.08,86.95,2006.0
Baikunthe,27.05,87.0,1702.0
Ranibas,27.02,88.43,1394.0
Homtang,27.0,87.17,1009.0
Sidrang,27.0,87.08,1256.0
Thidinigkha,26.98,87.0,1438.0
Pangcha,26.92,86.97,791.0
Dummana,26.93,87.07,514.0
Hasanpur,26.93,87.12,777.0
Dewantar,26.97,87.07,1494.0
Darechok,27.85,84.6,930.0
Chandibhangyang,27.8,84.57,1238.0
Kabilas,27.77,84.48,488.0
Kaule,27.77,84.63,1631.0
Shaktikhor,27.73,84.4,692.0
Siddi,27.7,84.63,498.0
Lothar,27.7,84.72,799.0
Narayangarh,27.68,84.42,203.0
Jutpani,27.68,84.52,269.0
Korak,27.63,84.67,531.0
Pithuwa,27.63,84.53,256.0
Mangalpur,27.67,84.32,189.0
Bharatpur,27.65,84.42,228.0
Meghauli,27.57,84.2,189.0
Chitraban,27.62,84.33,228.0
Ratnanagar,27.58,84.5,229.0
Piple,27.58,84.68,269.0
Kothar,27.55,84.58,228.0
Padampur,27.53,84.48,228.0
Gardi,27.47,84.23,248.0
madi,27.42,84.37,285.0
Bhagauda,27.43,84.32,215.0
Gitanagar,27.62,84.37,229.0
Dewal Debyapur,29.47,80.45,1420.0
Dhadrapur,29.35,80.5,1102.0
Samjee,29.35,80.55,1616.0
Ayayameru,29.37,80.58,1706.0
Kotai,29.33,80.63,1528.0
Belapur,29.35,80.73,1574.0
Nawadurga,29.32,80.7,1015.0
Ganeshpur,29.27,80.65,1276.0
Ashigram,29.22,80.63,1635.0
Gankhel,29.18,80.53,1302.0
Bagarkot,29.28,80.47,1287.0
Bageswori_1,29.32,80.38,1022.0
Rupal,29.28,80.33,1199.0
Gogan,29.18,80.4,1324.0
Sirsha,29.15,80.33,760.0
Parashuram,29.13,80.3,835.0
Alital,29.07,80.48,1231.0
Gankha,29.18,80.53,1330.0
Siddanath,29.07,80.42,665.0
Shikar,29.22,80.63,1512.0
Pipalkot_1,29.07,81.53,1698.0
Tilepata,29.02,81.47,1316.0
Sigaudi,28.98,81.43,1351.0
lalchandra,28.98,81.53,1283.0
Bisaila,29.02,81.58,1880.0
Kusapahi,28.98,81.63,1962.0
Chamunda,28.95,81.58,1419.0
Samikandh,28.92,81.55,1089.0
Bindraseni,28.9,81.5,1260.0
Dullu,28.83,81.57,1673.0
Raniban,28.93,81.68,1443.0
Baluwatar,28.95,81.77,1735.0
Kalika,28.93,81.88,2078.0
Naumule,28.88,81.82,1601.0
Narayan Municipality,28.85,81.72,1483.0
Rawatkot,28.88,81.63,1146.0
Malika,28.78,81.62,1055.0
Seri,28.72,81.62,1289.0
Gauri,28.75,81.67,897.0
Pilalel,28.67,81.72,1885.0
Katli,28.75,81.8,1869.0
Room,28.8,81.82,2194.0
Jagannath,28.77,81.87,1983.0
Lakuri,28.78,81.72,1073.0
Kharigaiga,28.9,81.7,1333.0
Kalimati rampur,28.22,82.97,683.0
Bagmare,28.2,82.13,713.0
Panchkule,28.12,82.07,816.0
Shantinagar,28.17,82.22,697.0
Shreegaon,28.12,82.17,581.0
Goltakuri,28.05,82.13,935.0
Tulsipur,28.13,82.3,753.0
Tarigaon,28.08,82.27,608.0
Uranari,28.05,82.22,585.0
Ameliya,27.95,82.2,273.0
Dhikpur,28.05,82.35,586.0
Hapur,28.1,82.42,757.0
Ghorahi,28.05,82.48,690.0
Saigha,28.1,82.5,1146.0
Syuja,28.05,82.57,1535.0
Loharpani,27.98,82.67,1327.0
Hanspur,27.93,82.7,764.0
Bhaluwang_1,27.82,82.73,312.0
Lamahi,27.87,82.57,308.0
Gadhawa,27.75,82.52,425.0
Khardariya,27.85,82.43,243.0
Satbariya,27.92,82.35,361.0
rampurwa,27.97,82.52,653.0
Phulbari,27.98,82.3,624.0
Saudiyar,28.0,82.4,622.0
Maidi,27.88,84.77,1019.0
nalang,27.85,84.83,935.0
Salyantar,28.0,84.82,650.0
Jyamrung,27.97,84.87,1157.0
Marphak,28.0,84.95,1238.0
Semjong,27.97,84.98,1486.0
Khari,27.92,84.77,920.0
MuraliBhanjhyang,27.9,84.85,871.0
Sunaulabazar,27.85,84.9,1232.0
Kaleri,27.82,84.98,1012.0
Kumpur,27.82,84.87,739.0
Benighat,27.78,84.8,847.0
Gajuri,27.77,84.83,634.0
Baireni,27.77,84.97,831.0
Jogimara,27.78,84.68,690.0
Kandrang,27.7,84.77,1236.0
Pida,27.72,84.9,1496.0
Bmumistan,27.72,85.02,1315.0
Thakre,27.73,85.1,839.0
Naubise,27.7,85.15,1024.0
Jibanpur,27.75,85.17,1241.0
Kebalpur,27.75,85.1,1232.0
Goganpani,27.77,85.07,1015.0
Mahadevstan,27.7,84.83,1089.0
Reegaon,28.1,84.97,2040.0
Lipa,28.15,85.02,2094.0
Tipling,28.18,85.15,3466.0
Gundi,28.03,84.93,1042.0
Arughat,28.03,84.82,674.0
Chanuwa,27.15,87.28,1018.0
Dandagaon,27.17,87.32,1394.0
Jaleswor,27.15,87.33,1334.0
Marek Katrahe,27.13,87.37,1805.0
Mahalaxmi Municipality,27.12,87.32,1330.0
Leguwa,27.1,87.28,991.0
Nunthala,27.1,87.37,2154.0
Murtidunga,27.08,87.35,1631.0
Arkahule,27.12,87.32,1134.0
Pakhrebas,27.07,87.23,1096.0
Hattikharka,27.07,87.32,1481.0
SIshuwa Bazar,27.07,87.38,2097.0
Mugha,27.02,87.23,1003.0
Khoku,26.98,87.2,764.0
Chunwang,27.0,87.25,1266.0
Dhankuta,26.97,87.32,722.0
Tankhuwa,26.97,86.38,1072.0
Kurulw Tenupa,26.93,87.48,1270.0
Bodhe,26.93,87.42,1034.0
Moana Budhuk,26.9,87.43,1270.0
Dudhabare,26.87,87.53,1616.0
Mulghat,26.92,87.32,351.0
Ankhisalla,26.93,87.25,1057.0
Chintang,26.93,87.18,999.0
Bhedetar,26.85,87.32,1154.0
Rajarani,26.9,87.42,1575.0
Lalgadh,26.97,85.92,256.0
Mithila,26.93,85.95,212.0
Ganeshmancharnath,26.95,86.1,225.0
Bharat Pur,26.88,86.08,150.0
Hariharpur,26.9,85.98,168.0
Baleswor,26.88,85.93,150.0
Dhanusa,26.83,86.0,131.0
Sapahe,26.8,85.93,110.0
Tarapati Sirsaha,26.78,85.98,110.0
Raghunathpur,26.82,86.12,111.0
Khariyali,26.75,86.08,109.0
Kurtha,26.75,85.88,109.0
Janakpur,26.72,85.93,111.0
Nagarain,26.63,85.92,110.0
Chakkar,26.7,86.03,111.0
Harine,26.73,86.15,110.0
Balahakhatal,26.63,86.13,104.0
Lakhauri,26.67,86.0,84.0
Lohana,26.68,85.95,103.0
Phulgama,26.63,85.9,84.0
Lamabagar,27.98,86.18,2904.0
bigu,27.83,86.05,2162.0
Palpalkharka,27.82,86.03,2932.0
Dolakha,27.78,86.17,2180.0
Abare,27.77,86.12,1865.0
Lapilam,27.73,86.08,1662.0
Kalinchok,27.73,86.02,3355.0
Lamidanda,27.72,86.13,1786.0
SUnkhani,27.7,86.1,1513.0
Bocha,27.7,85.97,2753.0
Kabhre,27.63,86.13,1934.0
Jiri,27.62,86.22,2043.0
Bihimeswor Municipality,27.65,86.02,1628.0
Pauwati,27.57,86.05,1610.0
Chama,27.52,86.13,1443.0
Melung,27.5,86.05,1195.0
Sailunge Danda,27.57,86.0,2551.0
Jule,27.55,86.12,1899.0
Katakuti,27.6,85.97,2017.0
Dudhpokhari,27.6,85.93,2414.0
Sailung,27.65,85.92,1780.0
namdu,27.63,86.1,1553.0
Mali,27.62,86.27,2141.0
Suri,27.73,86.2,1677.0
Kaigaon,29.25,82.68,4455.0
Saldang,29.38,83.12,4535.0
Tinje,29.28,83.28,4655.0
Dhou,29.08,83.18,5118.0
Dunai,28.87,82.87,3607.0
Juphal,28.95,82.8,3432.0
Rimi,29.12,82.5,2931.0
Munigaon,29.12,82.43,612.0
Tarmi,29.07,82.43,3282.0
Sunhoo,28.95,82.7,2696.0
Majhfal,28.87,82.78,3417.0
Chapali,29.38,80.9,2224.0
Toleni,29.38,81.0,1943.0
Maadevstan,29.33,80.88,1593.0
Khatiwada,29.3,80.95,1880.0
Sanagaon,29.25,81.07,1360.0
SIlgadhi,29.27,80.93,706.0
Latamandu,29.28,80.82,1100.0
Mudadhara,29.2,80.83,1496.0
SaraswotiNagar,29.15,80.72,1702.0
Kapaleke,29.17,80.87,2343.0
Dhirkamandu,29.1,80.93,2166.0
Gharkeswor,29.13,80.6,1692.0
Laxminagar,29.05,80.68,1650.0
Bipinagar,29.0,80.73,911.0
Pokhari,29.2,81.08,1298.0
Tikhatar,29.13,80.98,1581.0
Lanakedareswor,29.03,80.95,1173.0
Dhangalgaon,28.97,80.93,1316.0
Kanachpur,29.02,81.1,874.0
Simchaur,28.98,81.02,946.0
NIrauli,29.05,80.75,1154.0
Patal,29.03,80.78,1566.0
Manakapadi,29.07,80.85,1473.0
Chhatiwon,29.07,80.6,1332.0
Ghyalchok,27.82,84.72,995.0
Bhumichok,27.82,84.67,820.0
Makaising,27.87,84.65,1004.0
Manakamana,27.88,84.57,934.0
Phujel,27.9,84.7,824.0
Ghairung,27.92,84.63,1142.0
Deurali,27.92,84.5,822.0
Shyangli,27.97,84.45,596.0
Mrikot,27.98,84.52,716.0
borlang,27.97,84.73,686.0
Gorkha,27.98,84.62,958.0
Nareshow,28.02,84.6,740.0
Palungtar,28.03,84.47,575.0
Khoplang,28.03,84.53,781.0
Takukot,28.07,84.68,1055.0
Aarughat,28.03,84.8,515.0
Jaubari,28.1,84.62,1072.0
Hansapur_1,28.15,84.62,1396.0
Simjung,28.17,84.68,1350.0
Thumi,28.12,84.8,2037.0
Lapu,28.17,84.85,2059.0
Kharibot,28.22,84.65,2377.0
Laprak,28.22,84.8,2018.0
Ghyachok,28.27,84.68,2983.0
Prok,28.52,84.82,2223.0
Manbu,28.13,84.9,2262.0
Runchet,28.25,84.9,1783.0
Keraujaa,28.32,84.98,4204.0
Hawangdi,28.23,83.08,2345.0
Darlung,28.23,83.13,1698.0
Neta,28.23,83.18,1659.0
Malagri,28.17,83.03,1632.0
Sirseni,28.17,83.08,1403.0
Purkotdaha,28.13,83.05,1471.0
Wagla,28.15,83.12,1281.0
Amarpur,28.15,83.15,1158.0
Dohali,28.18,83.22,1269.0
Pipaldhara,28.08,83.13,1383.0
Dhukot,28.12,83.2,917.0
Musikot,28.17,83.27,1146.0
Kugha,28.15,83.32,1259.0
Gumli,28.08,83.28,1479.0
Aapchaur,28.12,83.33,1641.0
Resunga,28.05,83.25,1629.0
Rupakot,28.05,83.37,933.0
Shantipur,28.1,83.4,1369.0
Gwagha,28.1,83.47,2008.0
Bharse,28.07,83.43,1746.0
Digam,27.97,83.37,978.0
Limgha,28.02,83.47,1529.0
Thulo Lumpek,27.98,83.5,1658.0
Khagal Gaon,30.05,81.72,3565.0
Dandafaya,30.0,81.77,2469.0
Simikot,29.98,81.83,3410.0
Raya,29.85,81.83,3428.0
Rodikot,29.85,81.97,3461.0
Sarkeedeu,29.77,81.83,3319.0
Jair,29.72,81.97,2605.0
Kalika_1,29.72,81.8,2976.0
Shreenagar,29.68,81.87,2401.0
Maila,29.63,81.73,2449.0
Darma,29.68,82.12,3423.0
maimajhuwa,27.07,87.95,2452.0
Jamuna,27.03,88.0,1974.0
Maipokhari,27.02,87.9,2384.0
Jogmai,27.0,88.05,1967.0
ManBhanjhyang,26.97,88.1,1692.0
Nayabazar,26.93,88.03,1709.0
Suryodaya,26.88,88.05,1541.0
Kanyam,26.85,88.08,1486.0
Kolbung,26.78,88.03,604.0
Ilam,26.9,87.92,1072.0
Sakhejung,26.98,87.87,1941.0
Phakphok,27.0,87.75,1535.0
Mangalbare,26.95,87.82,1272.0
Lumba,26.92,87.73,1017.0
Ibhang,26.87,87.75,996.0
Sakfara,26.82,87.65,832.0
Bajho,26.78,87.72,329.0
Danabari,26.75,87.9,263.0
Mahamai,26.73,87.82,270.0
Chulachuli,26.7,87.75,205.0
Godak,26.88,87.97,1138.0
Jirmale,26.78,88.13,521.0
Barbote,26.95,87.9,1385.0
Nayakwada,29.07,82.32,3846.0
Rokayagaon,29.02,82.18,2916.0
Pairk,28.85,82.13,2411.0
Ramidanda,28.98,82.25,1966.0
Sakela,28.93,82.35,3591.0
Ragda,28.93,82.45,2905.0
Danabari_1,28.95,82.0,2692.0
Garkhakot,28.88,82.02,1917.0
Archhani,28.87,82.12,2029.0
Lahai,28.83,82.27,1869.0
Khagenkot,28.82,82.35,2014.0
Dhume,28.82,82.17,1644.0
Khalanga,28.73,82.18,1383.0
Punama,28.7,82.13,1298.0
Jagatipur,28.63,82.15,1001.0
Bhoor,28.65,82.07,1091.0
Jhapra,28.67,82.08,1246.0
Pajara,28.78,82.03,1461.0
Kortrang,28.85,81.93,1560.0
Majhakot,28.8,81.93,1554.0
Salma,28.73,81.93,1423.0
Dasera,28.73,82.0,1318.0
Sima,28.65,81.93,1079.0
Karkigaon,28.68,82.05,1967.0
Khudabari,26.72,87.97,214.0
Shantinagarr,26.73,88.07,279.0
bahundangi,26.73,88.15,261.0
Sanischare,26.67,88.0,186.0
Kanki,26.63,87.9,150.0
Birtamode,26.62,87.98,150.0
Chandragadhi,26.58,88.07,149.0
Damak,26.67,87.67,148.0
Kerkha,26.63,87.77,170.0
Shivasatakshi,26.6,87.82,149.0
Gauradaha,26.55,87.72,110.0
ohabara,26.5,87.67,109.0
Gauriganj,26.45,87.72,111.0
Kumarkhod,26.47,87.83,109.0
Sharanamati,26.53,87.88,111.0
Rajgadh,26.48,87.93,109.0
Pathariya,26.42,87.98,110.0
{rithvinagar,26.47,88.07,116.0
Bhadrapur,26.53,88.08,110.0
Goldnap,26.53,87.95,110.0
Garamahi,26.58,87.95,149.0
Birat,29.42,81.97,3027.0
Malikabota,29.42,82.07,3040.0
Bumramadincahur,29.38,82.15,3177.0
Dillicahur,29.4,82.32,3512.0
Patarasi,29.32,82.45,3913.0
Narakot,29.33,82.0,2763.0
Chandranath,29.3,82.15,3256.0
Garjyangkot,29.23,82.27,2746.0
Guthichaur,29.17,82.4,3887.0
Hanku,29.15,82.2,3779.0
Tamti,29.05,82.1,3352.0
Malikathanta,29.15,82.02,3248.0
Mahabe,29.23,81.87,2959.0
Badki,29.3,81.95,2862.0
Lamla,29.25,82.08,2986.0
Sanigaon,29.33,82.08,3385.0
Dharpa,29.35,81.95,2733.0
Sahajpur,29.0,80.58,915.0
Dudhetola,28.92,80.58,1179.0
Malakheti,28.83,80.55,255.0
Aattariya,28.78,80.6,232.0
Hasanpyr,28.7,80.6,229.0
Nigali,28.97,80.72,1590.0
Katunje,28.9,80.85,1189.0
pandaun,28.87,80.97,1297.0
Khairala,28.85,80.75,691.0
Kailali,28.82,80.88,477.0
Chaumala,28.75,80.75,208.0
Urma,28.68,80.7,228.0
Phulbari_1,28.62,80.7,188.0
Basauti,28.6,80.8,188.0
Baliya,28.63,81.18,250.0
Pratappur,28.6,81.07,188.0
Tikapur,28.5,81.1,189.0
Bhajani,28.48,80.97,189.0
Boniya,28.58,81.03,189.0
Dholagohe,29.4,81.8,2747.0
Kheen,29.37,81.88,2800.0
Mumrakot,29.32,81.58,2849.0
Phulkot,29.28,81.65,2716.0
Thirpu,29.27,81.78,2052.0
Rupsa,29.23,81.52,2112.0
Sipkhana,29.25,81.62,1960.0
Malkot,29.18,81.5,2221.0
Manma,29.13,81.6,1160.0
Badalkot,29.18,81.65,2047.0
Chhapre,29.17,81.75,2979.0
Gela,29.07,81.7,2759.0
Ranchuli,29.15,81.85,2382.0
Chilkhaya,29.08,81.83,3126.0
Odanaku,29.17,81.82,2308.0
Raikawar,28.77,80.48,228.0
Baisi Bichawa,28.7,80.48,228.0
Punarbas,28.65,80.47,223.0
Betaun,28.68,80.35,225.0
Rampur Bilaspur,28.72,80.3,189.0
Beldandi,28.77,80.25,216.0
Sankarpur,28.75,80.37,228.0
Dekhatbhuli,28.82,80.38,230.0
Jhalari,28.83,80.32,230.0
Pipaladi,28.87,80.32,247.0
Krishnapur,28.9,80.43,279.0
Jhalaripipaladi,28.95,80.38,294.0
Mahendranagar,28.93,80.28,228.0
Daijee,28.98,80.28,290.0
Bhimdatta,28.98,80.15,256.0
Chadani,28.92,80.08,229.0
Dodhara,28.92,80.09,229.0
Bachhuwa,28.82,80.23,209.0
Nigalihawa,27.62,83.1,137.0
Temple,27.62,83.13,140.0
Asoka Pillar,27.58,83.08,131.0
Tilaurakot,27.57,83.08,127.0
Jahari,27.58,83.12,129.0
Kapilbastu,27.55,83.03,133.0
Dohani,27.52,83.08,124.0
Kuda,27.52,83.02,124.0
Kothihawa,27.5,83.02,124.0
Kakusandah Buddha,27.52,83.0,124.0
Tauleswor,27.53,83.05,125.0
Dharampaniha,27.55,83.08,172.0
Taulihawa,27.53,83.07,122.0
Lamtiha,27.52,83.05,118.0
Hudacenter,27.57,83.1,133.0
Ghandruk,28.45,83.82,3349.0
Lwagghalel,28.43,83.88,2834.0
Lumle,28.37,83.82,1707.0
Bansing,28.35,83.75,2193.0
Salyan,28.27,83.78,1480.0
Dhampus,28.3,83.83,1815.0
Lahachok,28.3,83.92,1172.0
Hemja,28.27,83.93,1102.0
Kaskikot,28.25,83.9,1170.0
Valam,28.25,84.0,1016.0
Pokhara,28.2,83.98,851.0
Pumdibhumdi,28.2,83.88,1398.0
Kalika_2,28.22,84.07,1046.0
Lekhnath,28.13,84.07,680.0
Rupakot_1,28.13,84.12,824.0
Deurali_1,28.12,84.13,932.0
Thumki,28.15,84.18,854.0
Bhorletar,28.15,84.22,498.0
Bhachok,28.23,84.15,1159.0
Mijuredanda,28.3,84.17,1912.0
Chaimale,27.58,85.25,1637.0
Dakshinkali,27.62,85.25,1636.0
Sikali,27.63,85.27,1434.0
Kritipur,27.65,85.27,1359.0
Chandragiri,27.68,85.22,1470.0
Kalanki,27.68,85.27,1296.0
Balaju,27.72,85.28,1319.0
Kathmandu,27.73,85.5,1348.0
Tokha,27.77,85.32,1357.0
Santidhan,27.78,85.3,1602.0
Jhormahakal,27.8,85.33,1853.0
Tarebhir,27.77,85.38,2148.0
Kappan,27.73,85.35,1364.0
Mulpani,27.7,85.38,1338.0
Sundarijal,27.78,85.42,1796.0
Jarsingpauwa,27.75,85.47,1698.0
Naglebhare,27.77,85.52,1491.0
Sakhu,27.72,85.45,1394.0
Chandanimandan,27.7,85.63,1082.0
Deupur,27.72,85.55,1320.0
Anaikot,27.67,85.58,1039.0
Kuntabesi,27.7,85.6,835.0
Nala,27.67,85.5,1666.0
Sanga,27.62,85.47,1591.0
Banepa,27.63,85.52,1470.0
Dhulikhel,27.62,85.55,1361.0
Panchkhal,27.65,85.62,885.0
Dolalghat,27.62,85.7,914.0
Patlekhet,27.58,85.6,1339.0
Panauti,27.58,85.5,1467.0
Namobuddha,27.57,85.57,16.5
Chalal,27.53,85.48,1739.0
Dhunkharka,27.5,85.48,2043.0
Chamrabesi,27.47,85.45,1703.0
Bethanchok,27.48,85.48,2646.0
SikharAmbote,27.47,85.58,1720.0
Phalametar,27.43,85.5,995.0
Salmechakala,27.37,85.5,506.0
Ghartichap,27.37,85.58,777.0
Banakhu,27.37,85.65,970.0
Buddha Laxmi,27.42,85.67,1458.0
Bhimkhori,27.42,85.75,1159.0
Kushadevi,27.58,85.48,1656.0
Aiselukharka,27.37,86.75,2041.0
Sungdel,27.38,86.87,1959.0
Dubekodanda,27.32,86.72,1336.0
Satteswor,27.32,86.78,1622.0
Khartangcha,27.3,86.88,1750.0
Pattekha,27.27,86.87,1801.0
Kubinde,27.27,86.72,1470.0
Lamidanda_1,27.23,86.65,894.0
Diktel,27.22,86.78,1564.0
Nibanidanda,27.22,86.88,1598.0
Mattimbirta,27.15,86.83,1673.0
Burchim,27.15,86.58,820.0
Dikuwa,27.13,86.5,1236.0
Dhitun,27.15,86.65,913.0
Suntare,27.92,86.78,1173.0
Khotang Bazar,27.03,86.83,1117.0
Rajapani,27.15,86.72,1183.0
Khotang,27.2,86.77,1465.0
Phedi,27.32,86.92,2326.0
Khidima,27.13,86.9,2244.0
Lalitpur,27.65,85.32,1323.0
Godawari,27.58,85.37,1480.0
Muktinath Lalitpur,27.62,85.35,1417.0
Karyabinayak,27.58,85.3,1427.0
Lele,27.57,85.32,1520.0
Husel,27.53,85.32,1254.0
Malta,27.5,85.3,1435.0
Bhattedanda,27.5,85.28,1531.0
gotikhel,27.48,85.38,1618.0
Kaleswor,27.5,85.42,2170.0
Manikhel,27.53,85.4,2212.0
Piutan,27.45,85.27,950.0
Asran,27.45,85.3,980.0
Cimdi,27.43,85.35,1260.0
Kapiram,27.4,85.4,794.0
Khudi,28.38,84.32,2322.0
Bahundanda,28.33,84.43,1886.0
salleri,28.35,84.57,4017.0
Dudhpokhari_1,28.25,84.62,2481.0
Bichaur,28.2,84.58,1947.0
Lamjung,28.28,84.35,901.0
Pasgaon,28.28,84.22,1422.0
Tanje,28.28,84.53,1731.0
Nautha,28.22,84.47,1716.0
Udipur,28.17,84.42,746.0
Ghorletar,28.15,84.22,500.0
Madhenepal,28.08,84.23,440.0
Durdanda,28.15,84.35,1196.0
Tarkhughat,28.1,84.45,766.0
Chiti,28.2,84.42,974.0
Hilebazar,28.23,84.43,1220.0
Siurung,28.32,84.37,1799.0
Daduwa,28.2,84.25,1072.0
Bankechure,27.15,85.82,642.0
Bardibas,27.03,85.87,292.0
Gauribas,27.05,85.92,412.0
Goletoal,27.1,85.82,483.0
Tuteswor,27.0,85.78,224.0
Laxminiha,26.97,85.75,199.0
Dhalkebar,26.93,85.78,164.0
Kisannagar,26.93,85.88,201.0
Bijalpura,26.9,85.85,146.0
Gaushala,26.9,85.78,136.0
Khairbanni,26.85,85.7,104.0
Khopi,26.82,85.77,124.0
Sigihahi,26.82,85.83,121.0
Bagada,26.78,85.87,104.0
Banauta,26.77,85.8,104.0
Manara,26.73,85.75,102.0
Mahottari,26.68,85.82,91.0
Banauli Danauli,26.68,85.87,104.0
Jaleswor_1,26.63,85.78,84.0
Manhari,27.55,84.77,567.0
Handikhola,27.42,84.87,470.0
Churiyamai,27.37,84.98,659.0
Basmadi,27.47,84.97,816.0
Khairang,27.65,84.83,1006.0
Agara,27.68,85.0,1212.0
Padmapokhari,27.57,84.98,1170.0
Charikhet,27.52,84.88,654.0
Kulekhani,27.57,85.15,1613.0
Chitlang,27.63,85.17,1781.0
Hetauda,27.42,85.0,449.0
Makwanur gadi,27.42,85.12,803.0
Shreepur Chatwan,27.3,85.2,262.0
Thaparban,27.3,85.37,404.0
Raigaon,27.2,85.45,322.0
Tistung,27.68,85.07,1503.0
Makwanpur,27.55,85.02,1031.0
Khansar,28.68,83.88,5188.0
Tachibagar,28.57,84.32,4022.0
Nache,28.5,84.37,2587.0
Chame,28.52,84.22,4089.0
Thoche,28.63,84.47,3965.0
Dharapani,28.48,84.48,4293.0
Singhadevi,26.83,87.47,1669.0
Ramtikhola,26.82,87.58,1557.0
Jante,26.73,87.55,268.0
Urlabari,26.65,87.6,149.0
Hasandaha,26.57,86.57,109.0
Kaseni,26.57,87.4,109.0
Tankisinuwari,26.52,87.27,110.0
Kathamaha,26.45,87.37,111.0
Biratnagar,26.45,87.25,111.0
Buddhanagar,26.38,87.3,72.0
Jhurkiya,26.42,87.63,110.0
Belbari,26.65,87.42,154.0
Kerabari,26.75,87.4,328.0
Rangeli,26.45,87.5,86.0
Amardaha,26.52,87.55,92.0
bahuni,26.58,87.43,85.0
Tandi,26.78,87.62,604.0
Rara,29.53,82.07,3013.0
Ghumtha,29.48,81.87,2556.0
Gima,29.62,82.0,2996.0
Rugha,29.62,82.18,3311.0
Pulu,29.57,82.4,2446.0
Dolphu,29.52,82.6,4762.0
Seri_1,29.53,81.97,2926.0
Pina,29.47,82.13,2748.0
Photu,29.7,82.02,2027.0
Salsalla,29.73,82.03,1865.0
Chonhup,29.28,83.92,4736.0
Lomanthang,29.18,83.85,5413.0
Surkhang,28.95,84.03,4791.0
Sanboche,28.98,83.82,3981.0
Chusang,28.92,83.77,4420.0
Marpha,28.82,83.63,5217.0
Kagbeni,28.82,83.77,2938.0
Jomsom,28.75,83.77,3666.0
Muktinath,28.78,83.85,4136.0
Khowang,28.65,83.55,3968.0
Kunjo,28.62,83.67,2902.0
Lete,28.6,83.58,3730.0
Gunjakhani,28.67,83.17,4524.0
Mudi,28.63,83.37,3112.0
Lulang,28.52,83.2,2700.0
Muna,28.53,83.27,2842.0
Takan,28.45,83.35,2009.0
Tawang,28.4,83.4,1517.0
Beni,28.37,83.53,1841.0
Chimkhola,28.52,83.52,2805.0
Tatopani,28.48,83.62,223.0
Dana,28.52,83.62,2300.0
Narchyang,28.58,83.73,4133.0
Annapurna Dakshin,28.53,83.75,2974.0
Sikha,28.43,83.68,2465.0
Ghodepani,28.4,83.7,2875.0
Ramche,28.37,83.63,2046.0
Niskot,28.38,83.37,2068.0
Marang,28.48,83.38,2135.0
Dedgaon,27.83,84.1,428.0
Bulintar,27.8,84.18,680.0
Narang,27.78,84.05,1175.0
Hupsekot,27.72,83.98,992.0
Dechuli,27.7,84.18,609.0
Kawasoti,27.63,84.12,165.0
Nawalpur District,27.67,84.05,245.0
Chanauli,27.57,84.03,170.0
Dumkibas,27.58,83.85,241.0
Rakchuli,27.7,83.9,1023.0
Sardi Bagaicha,27.65,83.83,205.0
Tamaspur,27.55,83.93,186.0
Tribeni,27.45,83.9,149.0
Baguban,27.55,83.92,158.0
Jyamire,27.57,83.85,186.0
Bharatipur,27.82,84.13,580.0
Rajahar,27.73,84.23,615.0
Kintan,28.17,85.05,1957.0
Balche,28.03,85.12,2625.0
Kaule_1,28.0,85.12,1434.0
Deurali_2,27.97,85.13,1275.0
Gerkhu,27.95,85.2,1263.0
Kharanitar,27.92,85.3,924.0
Bidur,27.9,85.13,646.0
Samari,27.95,85.03,1450.0
Taruka,27.87,85.0,1119.0
Ratmate,27.83,85.02,567.0
Duipai,27.82,85.08,1234.0
Kumari,27.77,85.13,1172.0
Melkot,27.82,85.15,1203.0
Kakani,27.82,85.23,1672.0
Thansing,27.87,85.27,658.0
Samundratar,27.93,85.37,1423.0
Gaurikharka,27.93,85.45,1757.0
Sikharbesi,27.98,85.38,2401.0
Ghyanfedi,28.0,85.47,2623.0
Mahakali,27.87,85.37,1329.0
Chhap,27.82,85.4,1481.0
Talakhu,27.85,85.43,1647.0
Rawadolu,27.5,86.35,2081.0
Khiiji,27.45,86.32,1817.0
Khiji Phalate,27.4,86.37,2392.0
Patle,27.43,86.42,2621.0
Jantarkhani,27.4,86.48,2447.0
Baraneswor,27.33,86.47,1532.0
Pokali,27.42,86.27,1737.0
Yasam,27.37,86.27,1706.0
Singhadevi_1,27.33,86.23,1276.0
Palapu,27.27,86.25,956.0
Phulbari_2,27.32,86.28,1213.0
Fediguth,27.28,86.32,1652.0
Balakhu,27.25,86.3,1350.0
Sisneri,27.23,86.37,1200.0
Katunje_1,27.32,86.38,1469.0
Okhaldhunga,27.32,86.5,1724.0
Moli,27.22,86.52,942.0
Thakele,27.15,86.43,412.0
Taluwa,27.23,86.57,975.0
Pokhare,27.3,86.65,1019.0
Chahara,27.87,83.37,1316.0
Dhovan,27.75,83.47,763.0
Madanpokhara,27.8,83.55,1000.0
Tansen,27.85,83.53,1097.0
Devinagar,27.8,83.68,1134.0
Birkot,27.85,83.77,1237.0
Lampur,27.85,83.9,524.0
Mityl,27.73,83.9,698.0
Gothadi,27.72,83.63,1356.0
Koldanda,27.75,83.55,793.0
Palpa,27.82,83.62,773.0
Rupse,27.8,83.63,1031.0
Fek,27.82,83.37,1467.0
Satyawatu,27.8,83.25,905.0
Baldengadhi,27.77,83.32,901.0
Falaicha,27.3,88.0,2579.0
Chyangthapu,27.27,87.93,1537.0
Memeng,27.2,87.95,2318.0
Oyam,27.25,87.88,1540.0
Nagi,27.25,87.82,1487.0
Shubhang,27.2,87.75,1019.0
Amarpur_1,27.25,87.73,1492.0
Yangnam,27.15,87.85,2053.0
Ekteen,27.2,87.87,1684.0
Prangbung,27.15,87.95,2379.0
Chhinthapu,27.08,87.9,3097.0
Panchthar,27.12,87.8,1743.0
Ranitar,27.07,87.82,2292.0
Phidim,27.12,87.77,1898.0
Ranigaon,27.08,87.63,1376.0
Phaktep,27.02,87.72,1712.0
Syabarunba,27.07,87.58,995.0
Aangna,27.02,87.57,1089.0
Okale,26.97,87.62,1474.0
Mouwa,26.97,87.52,1162.0
Durdimba,26.92,87.53,1203.0
Limba,26.87,87.6,1914.0
Aarubot,26.92,87.62,1411.0
Tribeni_1,28.02,83.65,824.0
Bbaccha,28.08,83.6,1452.0
Lunkhudeurali,28.1,83.67,1355.0
Behadiranipani,28.03,83.57,906.0
Urampokhara,28.05,83.62,1504.0
Bhorla,28.07,83.68,1088.0
Palebhaj,28.15,83.63,866.0
Thapathana,28.17,83.72,1407.0
Panchase,28.22,83.78,2310.0
Pakuwa,28.22,83.72,1012.0
Kusma,28.23,83.68,1402.0
Khurkot,28.25,83.65,1207.0
Mallaj,28.35,83.57,1377.0
Kyang,28.3,83.67,2087.0
Ghodepani_1,28.38,83.68,2880.0
Deupur_1,28.28,83.73,1275.0
Bhuktangle,28.35,83.7,2242.0
Mainpur,27.02,84.73,89.0
Birjung,27.03,84.87,89.0
Mahuwan,27.1,84.78,86.0
Jitpur_1,27.17,84.72,89.0
Gadi,27.2,84.8,127.0
Biruwaguthi,28.5,84.9,150.0
parsa National park,27.33,84.85,412.0
Nepalbasti,27.3,84.65,199.0
Thori,27.37,84.57,298.0
Ghodamasan,27.37,84.78,400.0
Pyuthan Khalanga_1,28.08,82.87,1188.0
Pyuthan,28.1,82.85,846.0
Dakhakwadi,28.08,82.8,1211.0
Bijaynagar,28.12,82.82,1106.0
Majhakot_1,28.13,82.85,1601.0
Dharmawati,28.13,82.88,1335.0
bakula,28.12,82.88,824.0
Maranthana,28.1,82.9,1187.0
Shiva mandir,28.08,82.9,1633.0
Jhhurmikanda,28.15,82.8,1607.0
Bethan,27.48,85.8,1041.0
Diamba,27.5,85.92,1993.0
Khadadevi,27.48,85.93,1664.0
Gaylu,27.43,86.07,1134.0
Sanosailung,27.58,85.87,1925.0
Tokalpur,27.55,85.9,2550.0
Pinkhuri,27.45,85.98,1003.0
Bhirpani,27.4,85.93,922.0
baluwajor,27.33,86.02,1242.0
Ramechhap,27.32,86.1,1412.0
Rampur,27.27,86.15,1175.0
Saghutar,27.35,86.2,1110.0
Manthali,27.38,86.05,533.0
Saipu,27.43,86.22,1682.0
Namadi,27.48,86.18,2157.0
Betali,27.53,86.15,1402.0
Gupteswor,27.5,86.23,2256.0
Those,27.57,86.25,2119.0
Kyama,27.63,86.42,2432.0
Chuchure,27.65,86.33,2752.0
Gundel,27.7,86.47,3440.0
Bhorley,27.98,85.23,1625.0
yarsa,27.98,85.3,2039.0
Ramche_1,28.03,85.22,2037.0
haku,28.1,85.23,2472.0
Dhunche,28.1,85.28,2334.0
Syafru,28.12,85.45,3422.0
Thulosyafru,28.13,85.35,2103.0
Safrubesi,28.17,85.32,2154.0
thuman,28.25,85.33,2713.0
Gompa,28.2,85.48,3358.0
Lantang,28.2,85.62,4840.0
Rajdevi,26.77,85.32,109.0
Rajpur,26.82,85.23,110.0
Pataura,26.92,85.2,109.0
Bariyarpur_1,26.93,85.35,110.0
Samanpur,26.98,85.38,110.0
Simara,27.03,85.3,112.0
Bisrampur,27.05,85.4,128.0
Santapur,27.07,85.33,150.0
Sanakpur,27.08,85.23,146.0
Ashrang,27.1,85.3,156.0
Paurai,27.13,85.43,162.0
Chandrapur,27.17,85.37,195.0
Bandevi,27.2,85.27,229.0
Masina,28.15,82.57,1479.0
Nuwagaon,28.23,82.48,1581.0
Kubine,28.32,82.38,1521.0
Gairigaon,28.3,82.52,1895.0
Talaban,28.42,82.5,1498.0
Rolpa,28.38,82.63,2038.0
Thawang,28.48,82.72,2412.0
Guwa,28.45,82.78,2283.0
Gaam,28.37,82.88,1961.0
Sirpa,28.23,82.8,1780.0
Fagam,28.32,82.73,1299.0
Mirul,28.43,82.67,2410.0
Bubaring,28.17,82.43,1199.0
Bijayaswori,28.62,82.22,985.0
Nuwakot_1,28.27,82.32,1341.0
Kholagaon,28.62,82.28,1285.0
Simle,28.65,82.33,1108.0
Muru,28.57,82.4,1529.0
Rugha_1,28.53,82.42,1662.0
Bhalakcha,28.58,82.45,1578.0
Musikot_1,28.58,82.53,2037.0
Musikot Khalanga_1,28.62,82.48,2068.0
Duli,28.7,82.37,1809.0
Ghetma,28.72,82.3,1903.0
Barfikot,28.7,82.48,1498.0
Pipal,28.68,82.57,1745.0
Syalkhali,28.77,82.53,2839.0
Gautamkot,28.9,82.58,3154.0
Piprahawa,27.37,83.28,109.0
Bhagwanpur,27.43,83.28,110.0
Lumbini,27.45,83.25,109.0
Kamahariya,27.52,83.33,125.0
Siddharthanagar,27.5,83.42,150.0
Gangolia,27.55,83.52,149.0
Tilotamma,27.62,83.47,149.0
Shankharnagar,27.65,83.47,189.0
Butwal,27.68,83.42,190.0
Saljhundi,27.7,83.23,190.0
Rudrapur,27.62,83.23,149.0
Suryapur,27.58,83.3,150.0
Devdaha,27.65,83.57,215.0
Kavrechaur,28.35,81.78,1073.0
Kalimatikalche,28.3,81.93,574.0
Kalimati Rampur,28.22,81.97,697.0
Nigalchuwa,28.37,82.0,1780.0
Sharda,28.37,82.13,1379.0
Kavra,28.27,82.18,1038.0
Tribeni_2,28.3,82.28,1238.0
Tamachaur,28.38,82.33,1776.0
Tharmare,28.45,82.27,1643.0
Kalagaon,28.6,82.18,1116.0
bame,28.58,82.03,1430.0
Sarpanigarpa,28.22,82.38,1588.0
Sinwang,28.28,82.35,1301.0
Suikot,28.57,82.13,1375.0
Siddheswar_1,28.45,82.2,1656.0
Khalanga_1,28.35,82.17,1068.0
Mamling,27.22,87.3,1392.0
Chainpur_1,27.25,87.23,834.0
Sabhapokhari,27.43,87.4,1739.0
Khadbari,27.38,87.2,859.0
Bala,27.5,87.07,1538.0
Pathibhara,27.6,87.3,2147.0
Num,27.52,87.35,1699.0
Pauwakhola,27.62,87.43,2897.0
Chepuwa,27.75,87.52,3591.0
Kimathanka,27.82,87.38,2666.0
Tamaphok,27.17,87.38,2591.0
Tumlingtar,27.3,87.2,440.0
Nundhaki,27.32,87.47,2267.0
Susuwakhola,27.48,87.0,1847.0
Nargho,26.48,86.67,109.0
Aato,26.5,86.6,109.0
Kachan,26.55,86.55,111.0
Dhangadhi,26.6,86.55,109.0
Kalyanpur,26.63,86.62,149.0
Kushaha,26.68,86.57,229.0
hardiya,26.75,86.53,155.0
Kataiya,26.57,86.68,121.0
Sitapur_2,26.62,86.77,150.0
Bakdhawa,26.67,86.82,222.0
Kancharup,26.63,86.87,149.0
Fatepur,26.72,86.92,149.0
Bhardha,26.53,86.92,112.0
Inaruwa,26.5,86.83,109.0
Bishaharia,26.48,86.77,109.0
Rajbiraj,26.53,86.75,112.0
Malbari,26.78,85.4,110.0
Ramnagar,26.83,85.37,109.0
Simara_1,26.8,85.47,110.0
Godeta,26.85,85.47,109.0
Manpur,26.92,85.4,109.0
Dhangadha,26.92,85.45,109.0
Jamunia,26.93,85.53,109.0
Brahmapuri,26.88,85.58,111.0
Malnagwa,26.85,85.55,109.0
Parsa,26.88,85.62,110.0
Haripura,26.88,85.65,116.0
Basantapur,26.92,85.68,150.0
Bhaktipur,26.95,85.65,149.0
Ishorpur,26.98,85.63,149.0
Atrauli,27.12,85.6,212.0
Hariwon,27.08,85.57,174.0
Dhugrekhola,27.1,85.5,149.0
Parwanipur,27.12,85.73,495.0
Narayankhola,27.17,85.72,364.0
Pipalmadi,27.27,85.48,344.0
Hariharpurgadhi,27.32,85.48,819.0
Mahendrajhayadi,27.28,85.57,368.0
Kapilakot,27.27,85.63,337.0
Kalpabrishyak,27.22,85.7,387.0
Dandigurashe,27.2,85.82,491.0
Santaswori,27.35,85.72,1086.0
Dumja,27.42,85.82,812.0
Amale,27.33,85.85,1082.0
Sitalpati,27.35,85.93,772.0
Bhimeswor,27.32,85.98,825.0
Tinkanya,27.22,86.05,1128.0
belghari,27.1,86.03,599.0
Nipane,27.0,86.12,377.0
tandi,26.93,86.23,297.0
Dudhauli,26.97,86.27,189.0
Arunthakur,27.07,86.27,731.0
Ratnawati,27.13,86.32,1260.0
Khangsang,27.22,86.27,951.0
Balajhor,27.17,86.12,1058.0
Thokarpa,27.67,85.77,1235.0
Tauthali,27.72,85.9,1651.0
Barabise,27.78,85.9,1225.0
Listikot,27.92,85.88,2549.0
Tatopani_1,27.97,85.92,3363.0
Chautara,27.77,85.7,1128.0
Melamchi,27.82,85.57,885.0
helambu,28.05,85.5,3332.0
Ghotang,28.03,85.67,3871.0
Gumba,28.05,85.82,4544.0
Thanpalkot,27.93,85.65,1914.0
Syaulebazar,27.82,85.68,1800.0
Sangachok,27.67,85.7,1161.0
Sukute,27.7,85.75,832.0
Bansbari,27.8,85.55,1115.0
Thakani,27.83,85.47,1696.0
Eichok,27.92,85.5,1736.0
Golche,28.0,85.75,3006.0
Madar,26.62,86.17,110.0
Aurahi,26.62,86.28,111.0
Barirpatti,26.62,86.33,110.0
Tulsipur_1,26.65,86.32,109.0
Bhagwanpur_1,26.58,86.47,110.0
Laxmipur Pattari,26.67,86.38,110.0
Sukhipur,26.7,86.33,110.0
Dhangadhi_1,26.75,86.4,166.0
Lahan,26.72,86.47,151.0
Dhodhana,26.77,86.48,153.0
Govindapur,26.8,86.52,237.0
Muksar,26.82,86.38,222.0
Phulbariya,26.85,86.27,158.0
Karjanha,26.85,86.2,147.0
bandipur,26.88,86.15,148.0
Media,26.78,86.17,110.0
Betunja,26.72,86.35,117.0
Hanumannagar,26.68,86.25,105.0
Hakpara,26.65,86.25,99.0
Salyansolu,27.37,86.6,1373.0
panchan,27.38,86.65,1372.0
garma,27.45,86.58,2617.0
Tapting,27.47,86.45,3067.0
Goli,27.53,86.42,2883.0
Bhakanje,27.58,86.45,2692.0
Phera,27.55,86.58,2555.0
Beni_1,27.62,86.53,3170.0
Lukla,27.67,86.72,2830.0
Benkar,27.75,86.7,3064.0
Namchebazar,27.8,86.7,3782.0
Jumbing,26.6,86.72,2666.0
Kaku,27.5,86.65,2042.0
Sautang,27.47,86.78,2167.0
Gudel,27.48,86.85,2632.0
Bung,27.62,86.83,4510.0
Dudhkunda,27.57,86.55,3343.0
Haripur,26.52,86.85,110.0
Madhuban,26.63,87.05,110.0
Inaruwa_1,26.6,87.15,109.0
Diwanganj,26.45,87.13,110.0
Chhitaha,26.52,87.18,110.0
Dhuwabi,26.55,87.27,110.0
Khanar,26.62,87.27,111.0
Itahari,26.65,87.27,140.0
Bakalauri,26.7,87.22,146.0
Mahendranagar_1,26.73,87.1,110.0
Bharaul,26.77,87.18,173.0
baharachetra,26.82,87.17,179.0
Bisnupatuka,26.85,87.23,1124.0
Panchkanya,26.82,87.32,1230.0
Dharan,26.8,87.27,377.0
Bhadgaon,26.67,87.2,125.0
Rakam,28.5,81.98,113.0
Gumi,28.47,81.85,1218.0
Manarani,28.33,81.92,987.0
Neta_1,28.5,81.83,1118.0
Birendranagar,28.57,81.6,696.0
Paranga,28.63,81.4,683.0
tatopani,28.72,81.32,794.0
Gutu,28.87,81.3,795.0
lagam,28.92,81.05,1139.0
Agragaon,28.58,81.98,1185.0
Akanadevi,27.95,83.52,1200.0
mirmee,27.97,83.57,558.0
Malunga,27.9,83.63,736.0
Galyanbazar,27.93,83.67,731.0
Kapwadi,27.92,83.73,737.0
Waling,27.97,83.77,903.0
Sworek,28.02,83.75,1067.0
Manakamana_1,27.98,83.87,1405.0
Orasle,28.05,83.9,1010.0
Kyakmi,27.93,83.93,669.0
Sekham,27.92,83.87,883.0
Maljhuwa,27.87,83.92,377.0
Chapakot,27.88,83.82,490.0
Putalibazar,28.1,83.85,951.0
Taksar,28.12,83.97,887.0
Phedikhola,28.15,83.88,1141.0
Setidhovan,28.15,83.82,1173.0
Aruncharu,28.12,83.72,1491.0
Arunchautari,28.08,83.75,1250.0
Darsing Dahathum,28.03,83.78,943.0
Gajarkot,27.88,83.98,679.0
Ghiringsundhara,27.9,84.02,877.0
Kihun,27.93,83.97,981.0
Arunodaya,27.97,84.0,967.0
Ranipokhari,27.95,84.13,832.0
Ramkjhakot,27.87,84.13,435.0
Khalte,27.82,84.28,300.0
Pota,27.77,84.33,634.0
Devghat,27.78,84.38,1056.0
Chimkeswori,27.83,84.47,940.0
Bandipur,27.92,84.4,761.0
Dumre,27.95,84.4,507.0
Pulkot,28.07,84.45,675.0
Merlung,28.07,84.38,793.0
Byas,27.98,84.27,361.0
Manpang,28.02,84.15,588.0
Dulegauda,28.07,84.08,691.0
Raipur,28.05,83.97,1017.0
Kahu Shivapur,27.92,84.23,922.0
Sangu,27.32,87.5,2583.0
Hangpang,27.28,87.6,1924.0
Khokling,27.38,87.63,1229.0
Sinam,27.3,87.82,1249.0
Yamfudin,27.5,87.98,4080.0
Tapethok,27.5,87.82,2735.0
Papung,27.52,87.6,2567.0
Surumakhim,27.38,87.95,2462.0
Taplejung,27.62,87.77,3779.0
Panchakanya Pokhari,26.98,87.47,1040.0
Phakchamara,27.02,87.5,790.0
Okhare,27.05,87.5,1345.0
Sudap,27.08,87.47,1341.0
Jirikhuimti,27.15,87.48,1757.0
Basantaput,27.13,87.4,2325.0
Jaljale,27.13,87.57,1241.0
Moharang,27.2,87.48,1858.0
Shreejung,27.25,87.5,2105.0
Samdu,27.23,87.57,1942.0
Chuhandanda,27.15,87.68,1316.0
Hwaku,27.25,87.65,1571.0
Chhatedhunga,27.2,87.73,602.0
Mainamihani,26.87,87.12,620.0
Rampur Thoksila,26.78,87.07,110.0
Tapeswori,26.75,86.98,175.0
Chaudandi,26.87,86.93,672.0
Hariya,26.77,86.83,150.0
Gaighat,26.78,86.68,175.0
Saune,26.85,86.77,590.0
Salle,26.97,86.7,1297.0
Pachchawati,26.9,86.52,504.0
Barai,26.98,86.55,934.0
Rampur_1,27.08,86.55,1177.0
Rasuwa,27.07,86.42,840.0
Lekhane,27.13,86.38,1161.0
Patale,26.9,86.3,317.0
Risku,26.95,86.43,362.0
Jogidaha,26.73,86.77,166.0
Ghaighat Triyuga,26.77,86.63,257.0
Jalpachilaune,26.87,86.67,700.0
Ramite,26.9,86.68,959.0
katari,26.95,86.37,218.0
